KEY,EN,DE,RU,KA,FR,ES
nav.dashboard,Dashboard,Dashboard,Главная,მთავარი,Tableau de bord,Panel
nav.wallet,Wallet,Geldbörse,Кошелёк,საფულე,Portefeuille,Cartera
nav.groups,Groups,Gruppen,Группы,ჯგუფები,Groupes,Grupos
nav.activity,Activity,Aktivität,Активность,აქტივობა,Activité,Actividad
nav.analytics,Analytics,Analyse,Аналитика,ანალიტიკა,Analyses,Análisis
nav.settings,Settings,Einstellungen,Настройки,პარამეტრები,Paramètres,Ajustes
wallet.title,Wallet,Geldbörse,Кошелёк,საფულე,Portefeuille,Cartera
wallet.income,Income,Einnahmen,Доходы,შემოსავალი,Revenus,Ingresos
wallet.expenses,Expenses,Ausgaben,Расходы,ხარჯები,Dépenses,Gastos
wallet.net,Net,Netto,Итого,სულ,Net,Neto
wallet.no_entries,No wallet entries yet,Keine Einträge in der Geldbörse,Записей в кошельке нет,საფულეში ჩანაწერი არ არის,Aucune entrée dans le portefeuille,Sin entradas en la cartera
wallet.start_tracking,Start Tracking,Tracking starten,Начать учёт,დაიწყეთ აღრიცხვა,Commencer le suivi,Empezar a registrar
groups.title,Groups,Gruppen,Группы,ჯგუფები,Groupes,Grupos
groups.your_groups,Your groups,Deine Gruppen,Ваши группы,თქვენი ჯგუფები,Vos groupes,Tus grupos
groups.no_groups,No groups yet,Noch keine Gruppen,Групп ещё нет,ჯგუფები ჯერ არ არის,Pas encore de groupes,Aún no hay grupos
groups.members,{count} members,{count} Mitglieder,{count} участников,{count} წევრი,{count} membres,{count} miembros
groups.member,1 member,1 Mitglied,1 участник,1 წევრი,1 membre,1 miembro
groups.create,New Group,Neue Gruppe,Новая группа,ახალი ჯგუფი,Nouveau groupe,Nuevo grupo
analytics.title,Analytics,Analyse,Аналитика,ანალიტიკა,Analyses,Análisis
analytics.spending_by_category,Spending by Category,Ausgaben nach Kategorie,Расходы по категориям,ხარჯები კატეგორიის მიხედვით,Dépenses par catégorie,Gastos por categoría
analytics.net_position_trend,Net Position — 30 Days,Nettoposition — 30 Tage,Чистая позиция — 30 дней,წმინდა პოზიცია — 30 დღე,Position nette — 30 jours,Posición neta — 30 días
analytics.no_data,No spending data yet,Noch keine Ausgabendaten,Данных о расходах пока нет,ხარჯების მონაცემები ჯერ არ არის,Pas encore de données de dépenses,Aún no hay datos de gastos
analytics.start_tracking,Start Tracking,Tracking starten,Начать учёт,დაიწყეთ აღრიცხვა,Commencer le suivi,Empezar a registrar
analytics.total,Total,Gesamt,Итого,სულ,Total,Total
analytics.other,Other,Sonstiges,Другое,სხვა,Autres,Otros
analytics.wallet,Wallet,Geldbörse,Кошелёк,საფულე,Portefeuille,Cartera
analytics.groups,Groups,Gruppen,Группы,ჯგუფები,Groupes,Grupos
analytics.filter_all,All,Alle,Все,ყველა,Tout,Todo
analytics.all_groups,All groups,Alle Gruppen,Все группы,ყველა ჯგუფი,Tous les groupes,Todos los grupos
analytics.date_custom,Custom,Benutzerdefiniert,Пользовательский,მორგებული,Personnalisé,Personalizado
analytics.chart_donut,Donut,Donut,Пончик,დონატი,Donut,Dona
analytics.chart_pie,Pie,Kreis,Круговая,ტორტი,Camembert,Tarta
analytics.chart_bar,Bar,Balken,Столбцы,ბარი,Barre,Barra
analytics.currencies,Currencies,Währungen,Валюты,ვალუტები,Devises,Divisas
analytics.today,Today,Heute,Сегодня,დღეს,Aujourd'hui,Hoy
analytics.no_data_hint,Add expenses to see your spending insights.,"Füge Ausgaben hinzu, um Einblicke zu sehen.",Добавьте расходы для просмотра аналитики.,დაამატეთ ხარჯები სტატისტიკის სანახავად.,Ajoutez des dépenses pour voir vos statistiques.,Añade gastos para ver tus estadísticas.
analytics.income_vs_expense,Income vs Expense,Einnahmen vs. Ausgaben,Доходы и расходы,შემოსავალი vs ხარჯი,Revenus vs Dépenses,Ingresos vs Gastos
analytics.income_breakdown,Income by Category,Einnahmen nach Kategorie,Доходы по категориям,შემოსავალი კატეგორიით,Revenus par catégorie,Ingresos por categoría
analytics.balance_sheet,Balance Sheet,Bilanz,Баланс,ბალანსი,Bilan,Balance
analytics.net_flow,Net Flow,Nettofluss,Чистый поток,წმინდა ნაკადი,Flux net,Flujo neto
analytics.burn_rate,Burn Rate,Ausgaberate,Темп трат,ხარჯვის ტემპი,Taux de dépense,Tasa de gasto
analytics.top_category,Top Category,Hauptkategorie,Главная категория,მთავარი კატეგორია,Catégorie principale,Categoría principal
analytics.per_day,per day,pro Tag,в день,დღეში,par jour,por día
analytics.vs_prev_period,vs prev period,vs. Vorperiode,vs прошлый период,წინა პერიოდთან,vs période précédente,vs período anterior
analytics.all_transactions,All Transactions,Alle Transaktionen,Все операции,ყველა ტრანზაქცია,Toutes les transactions,Todas las transacciones
analytics.more_transactions,+{n} more transactions,+{n} weitere Transaktionen,ещё {n} операций,კიდევ {n} ტრანზაქცია,+{n} transactions de plus,+{n} transacciones más
analytics.mode_spending,Spending,Ausgaben,Расходы,ხარჯები,Dépenses,Gastos
analytics.mode_income,Income,Einnahmen,Доходы,შემოსავლები,Revenus,Ingresos
analytics.mode_balance,Balance Sheet,Bilanz,Баланс,ბალანსი,Bilan,Balance
analytics.total_income,Total Income,Gesamteinnahmen,Итого доходов,სულ შემოსავალი,Revenus totaux,Ingresos totales
analytics.total_expenses,Total Expenses,Gesamtausgaben,Итого расходов,სულ ხარჯები,Dépenses totales,Gastos totales
analytics.net_position,Net Position,Nettoposition,Чистая позиция,წმინდა პოზიცია,Position nette,Posición neta
analytics.pct_of_spend,{pct}% of spend,{pct}% der Ausgaben,{pct}% от расходов,{pct}% ხარჯებიდან,{pct}% des dépenses,{pct}% del gasto
analytics.vs_prev_pct,{sign}{pct}% vs prev,{sign}{pct}% ggü. Vorperiode,{sign}{pct}% к пред. периоду,{sign}{pct}% წინა პერ.,{sign}{pct}% vs préc.,{sign}{pct}% vs. anterior
analytics.burn_rate_detail,Burn rate: {currency} {rate} / day,Ausgaberate: {currency} {rate} / Tag,Расход: {currency} {rate} / день,ხარჯის ტემპი: {currency} {rate} / დღე,Taux : {currency} {rate} / jour,Tasa: {currency} {rate} / día
analytics.spending,Spending,Ausgaben,Расходы,ხარჯები,Dépenses,Gastos
analytics.income,Income,Einnahmen,Доходы,შემოსავალი,Revenus,Ingresos
analytics.daily_burn,Daily burn,Tagesbedarf,Дневной расход,დღიური ხარჯი,Dépense journalière,Gasto diario
analytics.more,more,weitere,ещё,მეტი,de plus,más
analytics.open_full_analytics,Open Full Analytics,Vollständige Analyse öffnen,Открыть полную аналитику,სრული ანალიტიკის გახსნა,Ouvrir l'analyse complète,Abrir análisis completo
activity.title,Activity,Aktivität,Активность,აქტივობა,Activité,Actividad
activity.no_activity,No activity yet,Noch keine Aktivität,Активности пока нет,აქტივობა ჯერ არ არის,Pas encore d'activité,Aún no hay actividad
activity.start_tracking,Start Tracking,Tracking starten,Начать учёт,დაიწყეთ აღრიცხვა,Commencer le suivi,Empezar a registrar
activity.all,All,Alle,Все,ყველა,Tout,Todo
activity.income,Income,Einnahme,Доход,შემოსავალი,Revenu,Ingreso
activity.expense,Expense,Ausgabe,Расход,ხარჯი,Dépense,Gasto
activity.items,{count} items,{count} Einträge,{count} записей,{count} ჩანაწერი,{count} entrées,{count} registros
activity.group_by_date,Date,Datum,Дата,თარიღი,Date,Fecha
activity.group_by_type,Type,Typ,Тип,ტიპი,Type,Tipo
settings.title,Settings,Einstellungen,Настройки,პარამეტრები,Paramètres,Ajustes
settings.language,Language,Sprache,Язык,ენა,Langue,Idioma
settings.language_subtitle,Choose your preferred language,Bevorzugte Sprache wählen,Выберите предпочитаемый язык,აირჩიეთ სასურველი ენა,Choisissez votre langue préférée,Elige tu idioma preferido
settings.appearance,Appearance,Erscheinungsbild,Внешний вид,გარეგნობა,Apparence,Apariencia
settings.preferences,Preferences,Einstellungen,Параметры,პარამეტრები,Préférences,Preferencias
settings.account,Account,Konto,Аккаунт,ანგარიში,Compte,Cuenta
settings.about,About,Über die App,О приложении,აპლიკაციის შესახებ,À propos,Acerca de
settings.sign_out,Sign out,Abmelden,Выйти,გასვლა,Se déconnecter,Cerrar sesión
settings.currency,Base Currency,Basiswährung,Валюта по умолчанию,ძირითადი ვალუტა,Devise de base,Moneda base
common.save,Save,Speichern,Сохранить,შენახვა,Enregistrer,Guardar
common.cancel,Cancel,Abbrechen,Отмена,გაუქმება,Annuler,Cancelar
common.delete,Delete,Löschen,Удалить,წაშლა,Supprimer,Eliminar
common.edit,Edit,Bearbeiten,Изменить,რედაქტირება,Modifier,Editar
common.rename,Rename,Umbenennen,Переименовать,გადარქმევა,Renommer,Renombrar
common.loading,Loading…,Wird geladen…,Загрузка…,იტვირთება…,Chargement…,Cargando…
common.error,Something went wrong,Etwas ist schiefgelaufen,Что-то пошло не так,შეცდომა მოხდა,Quelque chose s'est mal passé,Algo salió mal
common.settled_up,All settled up,Alles beglichen,Все расчёты выполнены,ყველაფერი ანაზღაურებულია,Tout réglé,Todo liquidado
common.select_all,Select All,Alle auswählen,Выбрать всё,ყველას არჩევა,Tout sélectionner,Seleccionar todo
common.deselect_all,Deselect All,Auswahl aufheben,Снять выбор,მონიშვნის მოხსნა,Désélectionner tout,Deseleccionar todo
common.apply,Apply,Anwenden,Применить,გამოყენება,Appliquer,Aplicar
common.clear_all,Clear all,Alle löschen,Очистить всё,გასუფთავება,Tout effacer,Borrar todo
common.clear,Clear,Löschen,Очистить,გასუფთავება,Effacer,Borrar
common.sort,Sort,Sortieren,Сортировка,დალაგება,Trier,Ordenar
common.refresh,Refresh,Aktualisieren,Обновить,განახლება,Actualiser,Actualizar
common.done,Done,Fertig,Готово,მზადაა,Terminé,Listo
common.select,Select,Auswählen,Выбрать,არჩევა,Sélectionner,Seleccionar
common.general,General,Allgemein,Общее,ზოგადი,Général,General
common.cannot_be_undone,This cannot be undone.,Dies kann nicht rückgängig gemacht werden.,Это нельзя отменить.,ეს შეუქცევადია.,Cette action est irréversible.,Esto no se puede deshacer.
common.newest_first,Newest first,Neueste zuerst,Сначала новые,ახალი პირველი,Plus récents d'abord,Más recientes primero
common.oldest_first,Oldest first,Älteste zuerst,Сначала старые,ძველი პირველი,Plus anciens d'abord,Más antiguos primero
common.largest_first,Largest first,Höchster Betrag zuerst,По убыванию суммы,დიდი თანხა პირველი,Montant le plus élevé d'abord,Mayor importe primero
common.smallest_first,Smallest first,Niedrigster Betrag zuerst,По возрастанию суммы,მცირე თანხა პირველი,Montant le plus faible d'abord,Menor importe primero
common.sort_newest,Newest,Neueste,Новые,ახალი,Récents,Más recientes
common.sort_oldest,Oldest,Älteste,Старые,ძველი,Anciens,Más antiguos
common.sort_largest,Largest,Größte,Большие,დიდი,Plus grands,Mayores
common.sort_smallest,Smallest,Kleinste,Маленькие,მცირე,Plus petits,Menores
common.name_az,Name A→Z,Name A→Z,Имя А→Я,სახელი ა→ჰ,Nom A→Z,Nombre A→Z
common.name_za,Name Z→A,Name Z→A,Имя Я→А,სახელი ჰ→ა,Nom Z→A,Nombre Z→A
common.delete_count,Delete ({count}),Löschen ({count}),Удалить ({count}),წაშლა ({count}),Supprimer ({count}),Eliminar ({count})
common.add_friend,Add friend,Freund hinzufügen,Добавить друга,მეგობრის დამატება,Ajouter un ami,Agregar amigo
common.attachments,Attachments,Anhänge,Вложения,დანართები,Pièces jointes,Adjuntos
common.camera,Camera,Kamera,Камера,კამერა,Caméra,Cámara
common.gallery,Gallery,Galerie,Галерея,გალერეა,Galerie,Galería
common.file,File,Datei,Файл,ფაილი,Fichier,Archivo
common.today_prefix,Today,Heute,Сегодня,დღეს,Aujourd'hui,Hoy
common.retry,Retry,Wiederholen,Повторить,ხელახლა ცდა,Réessayer,Reintentar
common.continue_anyway,Continue,Fortfahren,Продолжить,გაგრძელება,Continuer,Continuar
dashboard.title,Dashboard,Dashboard,Главная,მთავარი,Tableau de bord,Inicio
dashboard.net_worth,Net Worth,Nettovermögen,Чистый капитал,წმინდა ღირებულება,Valeur nette,Patrimonio neto
dashboard.net_worth_label,Net Worth,Nettovermögen,Чистый капитал,წმინდა ღირებულება,Valeur nette,Patrimonio neto
dashboard.wallet_cash,Cash Position,Cash Position,Cash Position,Cash Position,Cash Position,Cash Position
dashboard.wallet_cash_label,Cash Position,Cash Position,Cash Position,Cash Position,Cash Position,Cash Position
dashboard.shared_balance,Shared balance,Gemeinsamer Saldo,Общий баланс,საერთო ბალანსი,Solde partagé,Saldo compartido
dashboard.you_are_owed,Owed to you,Dein Guthaben,Вам должны,გეკუთვნით,On vous doit,Te deben
dashboard.you_owe,You owe,Du schuldest,Вы должны,თქვენ გეკუთვნის,Vous devez,Debes
dashboard.overall_owed,Overall you are owed,Gesamt steht dir zu,Всего вам должны,სულ გეკუთვნით,Total à recevoir,En total te deben
dashboard.overall_owe,Overall you owe,Gesamt schuldest du,Всего вы должны,სულ გეკუთვნის,Total à payer,En total debes
dashboard.overall_balanced,All settled up,Alles beglichen,Все расчёты выполнены,ყველაფერი ანაზღაურებულია,Tout réglé,Todo liquidado
dashboard.recent_activity,Recent activity,Letzte Aktivität,Последние операции,ბოლო ოპერაციები,Activité récente,Actividad reciente
dashboard.no_expenses,No expenses yet,Noch keine Ausgaben,Расходов ещё нет,ხარჯები ჯერ არ არის,Pas encore de dépenses,Aún no hay gastos
dashboard.start_tracking,Start Tracking,Tracking starten,Начать учёт,დაიწყეთ აღრიცხვა,Commencer le suivi,Empezar a registrar
dashboard.items,{count} items,{count} Einträge,{count} записей,{count} ჩანაწერი,{count} entrées,{count} registros
dashboard.your_finances,YOUR FINANCES,DEINE FINANZEN,ФИНАНСЫ,ფინანსები,VOS FINANCES,TUS FINANZAS
dashboard.personal_wallet,Cash Position,Cash Position,Cash Position,Cash Position,Cash Position,Cash Position
dashboard.cash_position,Cash position,Bargeldposition,Наличные,ნაღდი ფული,Position en espèces,Posición en efectivo
dashboard.shared_expenses,Shared Expenses,Geteilte Ausgaben,Общие расходы,საერთო ხარჯები,Dépenses partagées,Gastos compartidos
dashboard.net_group_position,Net group position,Netto-Gruppenposition,Чистая позиция по группам,ჯგუფების წმინდა პოზიცია,Position nette du groupe,Posición neta del grupo
dashboard.in_the_green,You are in the green,Du bist im Plus,Вы в плюсе,თქვენ პლუსში ხართ,Vous êtes dans le vert,Estás en positivo
dashboard.in_the_red,You are in the red,Du bist im Minus,Вы в минусе,თქვენ მინუსში ხართ,Vous êtes dans le rouge,Estás en negativo
dashboard.group_count_one,{count} group,{count} Gruppe,{count} группа,{count} ჯგუფი,{count} groupe,{count} grupo
dashboard.group_count_other,{count} groups,{count} Gruppen,{count} групп,{count} ჯგუფი,{count} groupes,{count} grupos
dashboard.trends,Trends & Insights,Trends & Einblicke,Тренды и аналитика,ტრენდები და ანალიტიკა,Tendances & insights,Tendencias e información
dashboard.ai_no_data,Add some expenses to get your first AI insight.,"Füge Ausgaben hinzu, um deinen ersten KI-Einblick zu erhalten.","Добавьте расходы, чтобы получить первый AI-инсайт.",დაამატე ხარჯები პირველი AI-ინსაითის მისაღებად.,Ajoutez des dépenses pour obtenir votre premier aperçu IA.,Agrega gastos para obtener tu primer análisis IA.
dashboard.ai_unavailable,AI insight unavailable,KI-Einblick nicht verfügbar,AI-инсайт недоступен,AI-ინსაითი მიუწვდომელია,Aperçu IA indisponible,IA no disponible
dashboard.ai_empty_state,Start tracking your spending — AI insights unlock once you have transactions.,"Beginne deine Ausgaben zu erfassen — KI-Einblicke werden freigeschaltet, sobald du Transaktionen hast.",Начните отслеживать расходы — AI-инсайты станут доступны после добавления транзакций.,დაიწყე ხარჯების აღრიცხვა — AI-ინსაითები გახსნილი იქნება ტრანზაქციების დამატების შემდეგ.,Commencez à suivre vos dépenses — les insights IA se débloquent dès que vous avez des transactions.,Empieza a registrar tus gastos — los insights de IA se desbloquean cuando tengas transacciones.
dashboard.ai_offline,You're offline. AI insights will resume when you reconnect.,"Du bist offline. KI-Einblicke kehren zurück, sobald du wieder verbunden bist.",Нет соединения. AI-инсайты вернутся при восстановлении связи.,ხაზგარეშე ხარ. AI-ინსაითები დაბრუნდება კავშირის აღდგენისას.,Vous êtes hors ligne. Les insights IA reprendront à la reconnexion.,Estás sin conexión. Los insights de IA volverán cuando te reconectes.
wallet_screen.add_entry,Add wallet entry,Eintrag hinzufügen,Добавить запись,ჩანაწერის დამატება,Ajouter une entrée,Añadir entrada
wallet_screen.filter_all,All,Alle,Все,ყველა,Tout,Todo
wallet_screen.filter_income,Income,Einnahmen,Доходы,შემოსავალი,Revenus,Ingresos
wallet_screen.filter_expense,Expense,Ausgaben,Расходы,ხარჯი,Dépenses,Gastos
wallet_screen.spending_breakdown,Spending breakdown,Ausgabenübersicht,Разбивка расходов,ხარჯების დეტალი,Répartition des dépenses,Desglose de gastos
wallet_screen.income_breakdown,Income breakdown,Einnahmenübersicht,Разбивка доходов,შემოსავლების დეტალი,Répartition des revenus,Desglose de ingresos
wallet_screen.income_entries,Income entries,Einnahmeeinträge,Записи доходов,შემოსავლის ჩანაწერები,Entrées de revenus,Entradas de ingresos
wallet_screen.expense_entries,Expense entries,Ausgabeeinträge,Записи расходов,ხარჯის ჩანაწერები,Entrées de dépenses,Entradas de gastos
wallet_screen.all_entries,All entries,Alle Einträge,Все записи,ყველა ჩანაწერი,Toutes les entrées,Todas las entradas
wallet_screen.personal_wallet,Personal wallet,Persönliche Brieftasche,Личный кошелёк,პირადი საფულე,Portefeuille personnel,Cartera personal
wallet_screen.no_entries_found,No entries found,Keine Einträge gefunden,Записей не найдено,ჩანაწერი ვერ მოიძებნა,Aucune entrée trouvée,No se encontraron entradas
wallet_screen.no_entries_hint,Try a different filter or add a new entry.,Anderen Filter wählen oder neuen Eintrag hinzufügen.,Попробуйте другой фильтр или добавьте запись.,სცადეთ სხვა ფილტრი ან დაამატეთ ჩანაწერი.,Essayez un autre filtre ou ajoutez une entrée.,Prueba un filtro diferente o añade una nueva entrada.
wallet_screen.delete_title,Delete entries?,Einträge löschen?,Удалить записи?,ჩანაწერების წაშლა?,Supprimer les entrées ?,¿Eliminar entradas?
wallet_screen.delete_confirm,Delete {count} wallet entries? This cannot be undone.,{count} Einträge löschen? Dies kann nicht rückgängig gemacht werden.,Удалить {count} записей? Это нельзя отменить.,{count} ჩანაწერის წაშლა? ეს შეუქცევადია.,Supprimer {count} entrées ? Cette action est irréversible.,¿Eliminar {count} entradas? Esto no se puede deshacer.
wallet_screen.delete_confirm_one,Delete 1 wallet entry? This cannot be undone.,1 Eintrag löschen? Dies kann nicht rückgängig gemacht werden.,Удалить 1 запись? Это нельзя отменить.,1 ჩანაწერის წაშლა? ეს შეუქცევადია.,Supprimer 1 entrée ? Cette action est irréversible.,¿Eliminar 1 entrada? Esto no se puede deshacer.
wallet_screen.entry_count_one,1 entry,1 Eintrag,1 запись,1 ჩანაწერი,1 entrée,1 entrada
wallet_screen.entry_count_other,{count} entries,{count} Einträge,{count} записей,{count} ჩანაწერი,{count} entrées,{count} entradas
wallet_screen.sort_tooltip,Sort,Sortieren,Сортировка,დალაგება,Trier,Ordenar
groups_screen.filter_by_group,Filter by group,Nach Gruppe filtern,Фильтр по группе,ჯგუფის მიხედვით,Filtrer par groupe,Filtrar por grupo
groups_screen.new_group,New Group,Neue Gruppe,Новая группа,ახალი ჯგუფი,Nouveau groupe,Nuevo grupo
groups_screen.add_expense,Add Expense,Ausgabe hinzufügen,Добавить расход,ხარჯის დამატება,Ajouter une dépense,Añadir gasto
groups_screen.recent_activity,Recent activity,Letzte Aktivität,Последние операции,ბოლო აქტივობა,Activité récente,Actividad reciente
groups_screen.no_expenses_yet,No expenses yet. Tap Add expense to get started.,Noch keine Ausgaben. Tippe auf Ausgabe hinzufügen.,Расходов пока нет. Нажмите «Добавить расход».,ხარჯები ჯერ არ არის. დააჭირეთ ხარჯის დამატება.,Pas encore de dépenses. Appuyez sur Ajouter une dépense.,Aún no hay gastos. Toca Añadir gasto para empezar.
groups_screen.no_expenses_filter,No expenses match the current filter.,Keine Ausgaben entsprechen dem aktuellen Filter.,Расходов по выбранному фильтру нет.,ფილტრს ვერ დაემთხვა ხარჯი.,Aucune dépense ne correspond au filtre actuel.,Ningún gasto coincide con el filtro actual.
groups_screen.could_not_load,Could not load groups,Gruppen konnten nicht geladen werden,Не удалось загрузить группы,ჯგუფების ჩატვირთვა ვერ მოხერხდა,Impossible de charger les groupes,No se pudieron cargar los grupos
groups_screen.owed_to_you,Owed to you,Dein Guthaben,Вам должны,გეკუთვნით,On vous doit,Te deben
groups_screen.you_owe,You owe,Du schuldest,Вы должны,გეკუთვნის,Vous devez,Debes
groups_screen.overall_owed,Overall you are owed,Gesamt steht dir zu,Всего вам должны,სულ გეკუთვნით,Total à recevoir,En total te deben
groups_screen.overall_owe,Overall you owe,Gesamt schuldest du,Всего вы должны,სულ გეკუთვნის,Total à payer,En total debes
groups_screen.delete_title,Delete groups?,Gruppen löschen?,Удалить группы?,ჯგუფების წაშლა?,Supprimer les groupes ?,¿Eliminar grupos?
groups_screen.delete_confirm,Delete {count} groups? As the owner you can restore them from the Activity screen within 12 months.,{count} Gruppen löschen? Als Besitzer kannst du sie innerhalb von 12 Monaten wiederherstellen.,Удалить {count} групп? Как владелец вы можете восстановить их в разделе «Активность» в течение 12 месяцев.,{count} ჯგუფის წაშლა? მფლობელი 12 თვის განმავლობაში შეძლებს აღდგენას.,Supprimer {count} groupes ? En tant que propriétaire vous pouvez les restaurer depuis l'Activité dans les 12 mois.,¿Eliminar {count} grupos? Como propietario puedes restaurarlos desde la pantalla de Actividad en 12 meses.
groups_screen.delete_confirm_one,Delete 1 group? As the owner you can restore it from the Activity screen within 12 months.,1 Gruppe löschen? Als Besitzer kannst du sie innerhalb von 12 Monaten wiederherstellen.,Удалить 1 группу? Как владелец вы можете восстановить её в разделе «Активность» в течение 12 месяцев.,1 ჯგუფის წაშლა? მფლობელი 12 თვის განმავლობაში შეძლებს აღდგენას.,Supprimer 1 groupe ? En tant que propriétaire vous pouvez le restaurer depuis l'Activité dans les 12 mois.,¿Eliminar 1 grupo? Como propietario puedes restaurarlo desde la pantalla de Actividad en 12 meses.
groups_screen.error_delete,Could not delete some groups.,Einige Gruppen konnten nicht gelöscht werden.,Не удалось удалить некоторые группы.,ზოგიერთი ჯგუფის წაშლა ვერ მოხერხდა.,Impossible de supprimer certains groupes.,No se pudieron eliminar algunos grupos.
groups_screen.sort_activity_tooltip,Sort activity,Aktivität sortieren,Сортировать активность,აქტივობის დალაგება,Trier l'activité,Ordenar actividad
groups_screen.sort_groups_tooltip,Sort groups,Gruppen sortieren,Сортировать группы,ჯგუფების დალაგება,Trier les groupes,Ordenar grupos
activity_screen.search_hint,"Search expenses, groups, people…","Ausgaben, Gruppen, Personen suchen…","Поиск расходов, групп, людей…","ხარჯების, ჯგუფების, ადამიანების ძიება…","Rechercher dépenses, groupes, personnes…","Buscar gastos, grupos, personas…"
activity_screen.could_not_load,Could not load activity,Aktivität konnte nicht geladen werden,Не удалось загрузить активность,აქტივობის ჩატვირთვა ვერ მოხერხდა,Impossible de charger l'activité,No se pudo cargar la actividad
activity_screen.delete_items_one,Delete 1 item?,1 Element löschen?,Удалить 1 элемент?,1 ელემენტის წაშლა?,Supprimer 1 élément ?,¿Eliminar 1 elemento?
activity_screen.delete_items_other,Delete {count} items?,{count} Elemente löschen?,Удалить {count} элементов?,{count} ელემენტის წაშლა?,Supprimer {count} éléments ?,¿Eliminar {count} elementos?
activity_screen.filter_wallet,Wallet,Brieftasche,Кошелёк,საფულე,Portefeuille,Cartera
activity_screen.filter_groups,Groups,Gruppen,Группы,ჯგუფები,Groupes,Grupos
activity_screen.filter_income,Income,Einnahmen,Доходы,შემოსავალი,Revenus,Ingresos
activity_screen.section_today,Today,Heute,Сегодня,დღეს,Aujourd'hui,Hoy
activity_screen.section_yesterday,Yesterday,Gestern,Вчера,გუშინ,Hier,Ayer
activity_screen.section_this_week,This Week,Diese Woche,На этой неделе,ამ კვირაში,Cette semaine,Esta semana
activity_screen.section_earlier,Earlier,Früher,Ранее,ადრე,Plus tôt,Antes
activity_screen.type_income,Income,Einnahmen,Доходы,შემოსავალი,Revenus,Ingresos
activity_screen.type_wallet,Wallet,Brieftasche,Кошелёк,საფულე,Portefeuille,Cartera
activity_screen.type_settlements,Settlements,Abrechnungen,Расчёты,ანგარიშსწორება,Règlements,Liquidaciones
activity_screen.type_group_expenses,Group Expenses,Gruppenausgaben,Расходы группы,ჯგუფის ხარჯები,Dépenses du groupe,Gastos del grupo
activity_screen.type_group_events,Group Events,Gruppenereignisse,События группы,ჯგუფის მოვლენები,Événements du groupe,Eventos del grupo
activity_screen.type_edits_deletes,Edits & Deletes,Bearbeitungen & Löschungen,Изменения и удаления,რედაქტირება და წაშლა,Modifications et suppressions,Ediciones y eliminaciones
activity_screen.type_other,Other,Sonstiges,Прочее,სხვა,Autres,Otros
categories.general,General,Allgemein,Общее,ზოგადი,Général,General
categories.food_drink,Food & drink,Essen & Trinken,Еда и напитки,საკვები და სასმელი,Nourriture et boissons,Comida y bebida
categories.transport,Transport,Transport,Транспорт,ტრანსპორტი,Transport,Transporte
categories.entertainment,Entertainment,Unterhaltung,Развлечения,გართობა,Divertissement,Entretenimiento
categories.bills_utilities,Bills & utilities,Rechnungen & Versorgung,Счета и услуги,გადასახადები,Factures et services,Facturas y servicios
categories.shopping,Shopping,Einkaufen,Шоппинг,შოპინგი,Shopping,Compras
categories.travel,Travel,Reisen,Путешествия,მოგზაურობა,Voyage,Viajes
categories.other,Other,Sonstiges,Прочее,სხვა,Autre,Otro
add_expense.title_expense,Add expense,Ausgabe hinzufügen,Добавить расход,ხარჯის დამატება,Ajouter une dépense,Añadir gasto
add_expense.title_income,Add income,Einnahme hinzufügen,Добавить доход,შემოსავლის დამატება,Ajouter un revenu,Añadir ingreso
add_expense.amount_currency,Amount & currency,Betrag & Währung,Сумма и валюта,თანხა და ვალუტა,Montant et devise,Importe y moneda
add_expense.amount_label,Amount,Betrag,Сумма,თანხა,Montant,Importe
add_expense.how_to_split,How to split,Wie aufteilen,Как разделить,როგორ გავყოთ,Comment diviser,Cómo dividir
add_expense.split_even,Even,Gleich,Поровну,თანაბრად,Égal,Igual
add_expense.split_percent,%,%,%,%,%,%
add_expense.split_shares,Shares,Anteile,Доли,წილები,Parts,Partes
add_expense.split_manual,Manual,Manuell,Вручную,ხელით,Manuel,Manual
add_expense.split_hint_percent,Percentage per person (total = 100),Prozent pro Person (Summe = 100),Процент на человека (сумма = 100),პროცენტი ადამიანზე (ჯამი = 100),Pourcentage par personne (total = 100),Porcentaje por persona (total = 100)
add_expense.split_hint_shares,Relative shares per person,Relative Anteile pro Person,Относительные доли,ფარდობითი წილები,Parts relatives par personne,Partes relativas por persona
add_expense.split_hint_manual,Exact amount per person,Genaue Summe pro Person,Точная сумма на человека,ზუსტი თანხა ადამიანზე,Montant exact par personne,Importe exacto por persona
add_expense.details,Details,Details,Детали,დეტალები,Détails,Detalles
add_expense.description_label,Description,Beschreibung,Описание,აღწერა,Description,Descripción
add_expense.description_hint,What was this for?,Wofür war das?,Для чего это было?,რისთვის იყო?,Pour quoi était-ce ?,¿Para qué fue esto?
add_expense.notes_label,Notes,Notizen,Заметки,შენიშვნები,Notes,Notas
add_expense.notes_hint,Optional note…,Optionale Notiz…,Необязательная заметка…,სურვილისამებრ შენიშვნა…,Note optionnelle…,Nota opcional…
add_expense.category_label,Category,Kategorie,Категория,კატეგორია,Catégorie,Categoría
add_expense.payer_label,Paid by,Bezahlt von,Кто платил,გადაიხადა,Payé par,Pagado por
add_expense.income_type,Income type,Einnahmenart,Тип дохода,შემოსავლის ტიპი,Type de revenu,Tipo de ingreso
add_expense.back,Back,Zurück,Назад,უკან,Retour,Atrás
add_expense.next,Next,Weiter,Далее,შემდეგი,Suivant,Siguiente
add_expense.save_expense,Save expense,Ausgabe speichern,Сохранить расход,ხარჯის შენახვა,Enregistrer la dépense,Guardar gasto
add_expense.save_income,Save income,Einnahme speichern,Сохранить доход,შემოსავლის შენახვა,Enregistrer le revenu,Guardar ingreso
add_expense.saving,Saving…,Speichern…,Сохраняю…,ინახება…,Enregistrement…,Guardando…
add_expense.income_recorded,Income recorded,Einnahme gespeichert,Доход записан,შემოსავალი ჩაიწერა,Revenu enregistré,Ingreso registrado
add_expense.expense_saved,Personal expense saved,Persönliche Ausgabe gespeichert,Личный расход сохранён,პირადი ხარჯი შეინახა,Dépense personnelle enregistrée,Gasto personal guardado
add_expense.group_expense_saved,Expense saved,Ausgabe gespeichert,Расход сохранён,ხარჯი შეინახა,Dépense enregistrée,Gasto guardado
add_expense.enter_valid_amount,Enter a valid amount,Gültigen Betrag eingeben,Введите корректную сумму,შეიყვანეთ სწორი თანხა,Entrez un montant valide,Introduce un importe válido
add_expense.could_not_save,Could not save entry,Eintrag konnte nicht gespeichert werden,Не удалось сохранить запись,ჩანაწერის შენახვა ვერ მოხდა,Impossible d'enregistrer l'entrée,No se pudo guardar la entrada
add_expense.could_not_save_expense,Could not save expense,Ausgabe konnte nicht gespeichert werden,Не удалось сохранить расход,ხარჯის შენახვა ვერ მოხდა,Impossible d'enregistrer la dépense,No se pudo guardar el gasto
add_expense.no_members,No members in this group. Add members first.,Keine Mitglieder in dieser Gruppe. Zuerst Mitglieder hinzufügen.,В группе нет участников. Сначала добавьте участников.,ჯგუფში წევრები არ არიან. ჯერ დაამატეთ წევრები.,Aucun membre dans ce groupe. Ajoutez d'abord des membres.,No hay miembros en este grupo. Añade miembros primero.
add_expense.manual_rate_optional,Manual Rate (Optional),Manueller Kurs (Optional),Ручной курс (необязательно),ხელით კურსი (სურვილისამებრ),Taux manuel (optionnel),Tasa manual (opcional)
add_expense.icon_colour,Icon & Colour,Symbol & Farbe,Иконка и цвет,ხატი და ფერი,Icône et couleur,Icono y color
add_expense.change_icon,Change icon & colour,Symbol & Farbe ändern,Изменить иконку и цвет,ხატისა და ფერის შეცვლა,Changer l'icône et la couleur,Cambiar icono y color
add_expense.new_category_btn,New,Neu,Новая,ახალი,Nouveau,Nuevo
add_expense.standard_categories,Standard,Standard,Стандартные,სტანდარტული,Standard,Estándar
add_expense.your_categories,Your Categories,Eigene Kategorien,Ваши категории,თქვენი კატეგორიები,Vos catégories,Tus categorías
add_expense.could_not_get_user,Could not get user. Try again.,Benutzer konnte nicht abgerufen werden. Erneut versuchen.,Не удалось получить пользователя. Попробуйте снова.,მომხმარებლის მიღება ვერ მოხდა. სცადეთ ახლავე.,Impossible d'obtenir l'utilisateur. Réessayez.,No se pudo obtener el usuario. Inténtalo de nuevo.
add_expense.percentages_must_sum,Percentages must sum to 100,Prozentwerte müssen 100 ergeben,Сумма процентов должна быть 100,პროცენტების ჯამი უნდა იყოს 100,Les pourcentages doivent totaliser 100,Los porcentajes deben sumar 100
add_expense.enter_share,Enter at least one share,Mindestens einen Anteil eingeben,Введите хотя бы одну долю,შეიყვანეთ სულ მცირე ერთი წილი,Entrez au moins une part,Introduce al menos una parte
add_expense.amounts_must_sum,Amounts must sum to {amount} (got {total}),Beträge müssen {amount} ergeben (erhalten: {total}),Сумма должна быть {amount} (получено: {total}),ჯამი უნდა იყოს {amount} (მიღებული: {total}),Les montants doivent totaliser {amount} (obtenu : {total}),Los importes deben sumar {amount} (obtenido: {total})
add_expense.member_n,Member {n},Mitglied {n},Участник {n},წევრი {n},Membre {n},Miembro {n}
add_expense.split_evenly_members,Split evenly among {count} members,Gleichmäßig auf {count} Mitglieder aufteilen,Равномерно на {count} участников,თანაბრად {count} წევრზე,Répartir équitablement entre {count} membres,Dividir equitativamente entre {count} miembros
add_expense.split_label,Split,Aufteilen,Разделить,გაყოფა,Répartir,Dividir
add_expense.manual_rate_label,Manual rate (bank / cash),Manueller Kurs (Bank / Bar),Ручной курс (банк / наличные),ხელღვანდებული კურსი (ბანკი / ნაღდი),Taux manuel (banque / espèces),Tasa manual (banco / efectivo)
add_expense.apply,Apply,Anwenden,Применить,გამოყენება,Appliquer,Aplicar
add_expense.colour_label,Colour,Farbe,Цвет,ფერი,Couleur,Color
add_expense.icon_label,Icon,Symbol,Значок,ხატი,Icône,Icono
add_expense.unsupported_file,"Unsupported file type. Allowed: images, PDF, TXT, MD.","Nicht unterstützter Dateityp. Erlaubt: Bilder, PDF, TXT, MD.","Неподдерживаемый тип файла. Разрешены: изображения, PDF, TXT, MD.","მხარდაუჭერი ფაილის ტიპი. დაშვებულია: სურათები, PDF, TXT, MD.","Type de fichier non pris en charge. Autorisés : images, PDF, TXT, MD.","Tipo de archivo no admitido. Permitidos: imágenes, PDF, TXT, MD."
add_expense.manual_enter_total,Enter total amount first,Zuerst Gesamtbetrag eingeben,Сначала введите общую сумму,ჯერ შეიყვანეთ საერთო თანხა,Entrez d'abord le montant total,Introduce primero el importe total
add_expense.manual_sum_matches,Sum: {currency} {sum} — matches total,Summe: {currency} {sum} — entspricht Gesamt,Сумма: {currency} {sum} — совпадает с итогом,ჯამი: {currency} {sum} — ემთხვევა,Somme : {currency} {sum} — correspond,Suma: {currency} {sum} — coincide
add_expense.manual_sum_remaining,Sum: {currency} {sum} — {diff} remaining,Summe: {currency} {sum} — {diff} verbleibend,Сумма: {currency} {sum} — осталось {diff},ჯამი: {currency} {sum} — {diff} დარცა,Somme : {currency} {sum} — {diff} restant,Suma: {currency} {sum} — {diff} restante
add_expense.manual_sum_over,Sum: {currency} {sum} — {diff} over total,Summe: {currency} {sum} — {diff} zu viel,Сумма: {currency} {sum} — превышение на {diff},ჯამი: {currency} {sum} — {diff} ზედმეტია,Somme : {currency} {sum} — {diff} de trop,Suma: {currency} {sum} — {diff} de más
add_expense.amount_unusually_large,"Amount exceeds $10,000,000 — is this correct?",Betrag übersteigt $10.000.000 — ist das korrekt?,"Сумма превышает $10,000,000 — вы уверены?","თანხა აღემატება $10,000,000 — დარწმუნებული ხართ?",Le montant dépasse $10 000 000 — est-ce correct?,"El monto supera $10,000,000 — ¿es correcto?"
edit_expense.title,Edit entry,Eintrag bearbeiten,Редактировать запись,ჩანაწერის რედაქტირება,Modifier l'entrée,Editar entrada
edit_expense.not_found,Expense not found,Ausgabe nicht gefunden,Расход не найден,ხარჯი ვერ მოიძებნა,Dépense introuvable,Gasto no encontrado
edit_expense.save_changes,Save changes,Änderungen speichern,Сохранить изменения,ცვლილებების შენახვა,Enregistrer les modifications,Guardar cambios
edit_expense.expense_updated,Expense updated,Ausgabe aktualisiert,Расход обновлён,ხარჯი განახლდა,Dépense mise à jour,Gasto actualizado
edit_expense.could_not_update,Could not update expense,Ausgabe konnte nicht aktualisiert werden,Не удалось обновить расход,ხარჯის განახლება ვერ მოხდა,Impossible de mettre à jour la dépense,No se pudo actualizar el gasto
create_group.title,New Group,Neue Gruppe,Новая группа,ახალი ჯგუფი,Nouveau groupe,Nuevo grupo
create_group.appearance,Group Appearance,Gruppenaussehen,Внешний вид группы,ჯგუფის გარეგნობა,Apparence du groupe,Apariencia del grupo
create_group.colour,Colour,Farbe,Цвет,ფერი,Couleur,Color
create_group.icon,Icon,Symbol,Иконка,ხატულა,Icône,Icono
create_group.group_currency,Group Currency (optional),Gruppenwährung (optional),Валюта группы (необязательно),ჯგუფის ვალუტა (სურვილისამებრ),Devise du groupe (optionnel),Moneda del grupo (opcional)
create_group.group_currency_subtitle,Expenses in this group will display totals in this currency.,Ausgaben in dieser Gruppe werden in dieser Währung angezeigt.,Итоги расходов группы будут отображаться в этой валюте.,ჯგუფის ხარჯების ჯამი ამ ვალუტაში ნაჩვენები იქნება.,Les totaux des dépenses du groupe seront affichés dans cette devise.,Los totales de gastos del grupo se mostrarán en esta moneda.
create_group.group_name,Group Name,Gruppenname,Название группы,ჯგუფის სახელი,Nom du groupe,Nombre del grupo
create_group.group_name_hint,"e.g. Barcelona trip, Flat mates…","z.B. Barcelona-Reise, Wohngemeinschaft…","напр. Барселона, Квартира…","მაგ. ბარსელონა, ბინის მოიჯარეები…","ex. Voyage à Barcelone, Colocataires…","p.ej. Viaje a Barcelona, Compañeros de piso…"
create_group.members_count,Members ({count}),Mitglieder ({count}),Участники ({count}),წევრები ({count}),Membres ({count}),Miembros ({count})
create_group.quick_add,Quick Add,Schnell hinzufügen,Быстрое добавление,სწრაფი დამატება,Ajout rapide,Añadir rápido
create_group.add_members,Add Members (optional),Mitglieder hinzufügen (optional),Добавить участников (необязательно),წევრების დამატება (სურვილისამებრ),Ajouter des membres (optionnel),Añadir miembros (opcional)
create_group.search_hint,"Search by name, @nickname or email…","Nach Name, @Nickname oder E-Mail suchen…","Поиск по имени, @никнейму или email…","ძიება სახელით, @მეტსახელით ან email-ით…","Rechercher par nom, @pseudo ou email…","Buscar por nombre, @apodo o email…"
create_group.add_later_hint,You can add members now or later from the group page.,Sie können Mitglieder jetzt oder später von der Gruppenseite hinzufügen.,Вы можете добавить участников сейчас или позже со страницы группы.,წევრები შეგიძლიათ დაამატოთ ახლა ან მოგვიანებით ჯგუფის გვერდიდან.,Vous pouvez ajouter des membres maintenant ou plus tard depuis la page du groupe.,Puedes añadir miembros ahora o más tarde desde la página del grupo.
create_group.search_unavailable,Search unavailable. Check connection.,Suche nicht verfügbar. Verbindung prüfen.,Поиск недоступен. Проверьте соединение.,ძიება მიუწვდომელია. შეამოწმეთ კავშირი.,Recherche indisponible. Vérifiez la connexion.,Búsqueda no disponible. Comprueba la conexión.
create_group.no_users_found,"No users found for ""{query}"".","Keine Benutzer für ""{query}"" gefunden.",Пользователи «{query}» не найдены.,"მომხმარებლები ""{query}"" ვერ მოიძებნა.","Aucun utilisateur trouvé pour ""{query}"".","No se encontraron usuarios para ""{query}""."
create_group.creating,Creating…,Erstellen…,Создаю…,იქმნება…,Création…,Creando…
create_group.create_btn,Create Group,Gruppe erstellen,Создать группу,ჯგუფის შექმნა,Créer le groupe,Crear grupo
create_group.create_with_members_one,Create Group with 1 member,Gruppe mit 1 Mitglied erstellen,Создать группу с 1 участником,ჯგუფის შექმნა 1 წევრით,Créer le groupe avec 1 membre,Crear grupo con 1 miembro
create_group.create_with_members_other,Create Group with {count} members,Gruppe mit {count} Mitgliedern erstellen,Создать группу с {count} участниками,ჯგუფის შექმნა {count} წევრით,Créer le groupe avec {count} membres,Crear grupo con {count} miembros
create_group.please_enter_name,Please enter a group name.,Bitte Gruppennamen eingeben.,"Пожалуйста, введите название группы.",გთხოვთ შეიყვანოთ ჯგუფის სახელი.,Veuillez entrer un nom de groupe.,"Por favor, introduce un nombre de grupo."
create_group.could_not_create,Could not create group. Check your connection.,Gruppe konnte nicht erstellt werden. Verbindung prüfen.,Не удалось создать группу. Проверьте соединение.,ჯგუფის შექმნა ვერ მოხდა. შეამოწმეთ კავშირი.,Impossible de créer le groupe. Vérifiez la connexion.,No se pudo crear el grupo. Comprueba la conexión.
create_group.partial_add_failed,"Group created, but could not add: {names}. Try adding them from the group page.","Gruppe erstellt, aber konnte nicht hinzufügen: {names}. Versuchen Sie es von der Gruppenseite.","Группа создана, но не удалось добавить: {names}. Попробуйте со страницы группы.","ჯგუფი შეიქმნა, მაგრამ ვერ დაემატა: {names}. სცადეთ ჯგუფის გვერდიდან.","Groupe créé, mais impossible d'ajouter : {names}. Essayez depuis la page du groupe.","Grupo creado, pero no se pudo añadir: {names}. Inténtalo desde la página del grupo."
create_group.choose_gallery,Choose from Gallery,Aus Galerie auswählen,Выбрать из галереи,გალერიიდან არჩევა,Choisir dans la galerie,Elegir de la galería
create_group.take_photo,Take a Photo,Foto aufnehmen,Сфотографировать,ფოტოს გადაღება,Prendre une photo,Hacer una foto
create_group.remove_photo,Remove Photo,Foto entfernen,Удалить фото,ფოტოს წაშლა,Supprimer la photo,Eliminar foto
create_group.pick_colour,Pick a colour,Farbe wählen,Выбрать цвет,ფერის არჩევა,Choisir une couleur,Elegir color
create_group.use_default_currency,Use my default currency,Meine Standardwährung verwenden,Использовать валюту по умолчанию,ჩემის ნაგულიერი ვალუტა,Utiliser ma devise par défaut,Usar mi moneda predeterminada
create_group.search_currency,"Search currency (e.g. EUR, GEL…)","Währung suchen (z.B. EUR, GEL…)","Поиск валюты (напр. EUR, GEL…)","ვალუტის ძებნა (მაგ. EUR, GEL…)","Rechercher une devise (ex. EUR, GEL…)","Buscar moneda (p.ej. EUR, GEL…)"
settings_ext.profile,Profile,Profil,Профиль,პროფილი,Profil,Perfil
settings_ext.security,Security,Sicherheit,Безопасность,უსაფრთხოება,Sécurité,Seguridad
settings_ext.security_subtitle,"Biometrics, PIN, fallback auth","Biometrie, PIN, Fallback-Authentifizierung","Биометрия, PIN, резервная аутентификация","ბიომეტრია, PIN, სარეზერვო ავთენტიკაცია","Biométrie, PIN, authentification de secours","Biometría, PIN, autenticación de respaldo"
settings_ext.notifications,Notifications,Benachrichtigungen,Уведомления,შეტყობინებები,Notifications,Notificaciones
settings_ext.notifications_subtitle,Push and email alerts,Push- und E-Mail-Benachrichtigungen,Push и email-уведомления,Push და Email შეტყობინებები,Alertes push et email,Alertas push y por email
settings_ext.regional,Regional Settings,Regionale Einstellungen,Региональные настройки,რეგიონალური პარამეტრები,Paramètres régionaux,Configuración regional
settings_ext.regional_subtitle,Date & time format,Datums- und Uhrzeitformat,Формат даты и времени,თარიღისა და დროის ფორმატი,Format de date et d'heure,Formato de fecha y hora
settings_ext.data,Data,Daten,Данные,მონაცემები,Données,Datos
settings_ext.import_splitwise,Import from Splitwise,Import von Splitwise,Импорт из Splitwise,Splitwise-დან იმპორტი,Importer de Splitwise,Importar de Splitwise
settings_ext.import_splitwise_subtitle,CSV import — map expenses into your Wallet,CSV-Import — Ausgaben in Wallet importieren,CSV импорт — добавьте расходы в кошелёк,CSV იმპორტი — ხარჯების გადატანა საფულეში,Import CSV — mapper les dépenses dans votre Portefeuille,Importación CSV — mapea gastos a tu Cartera
settings_ext.developer,Developer,Entwickler,Разработчик,დეველოპერი,Développeur,Desarrollador
settings_ext.tap_change_email,Tap to change email,Tippen zum Ändern der E-Mail,Нажмите для изменения email,შეეხეთ Email-ის შესაცვლელად,Appuyer pour changer l'email,Toca para cambiar email
settings_ext.change_password,Change Password,Passwort ändern,Сменить пароль,პაროლის შეცვლა,Changer le mot de passe,Cambiar contraseña
settings_ext.set_password,Set Password,Passwort setzen,Установить пароль,პაროლის დაყენება,Définir le mot de passe,Establecer contraseña
settings_ext.change_password_subtitle,Update your sign-in password,Anmeldepasswort aktualisieren,Обновите пароль для входа,განაახლეთ შესვლის პაროლი,Mettre à jour votre mot de passe de connexion,Actualiza tu contraseña de inicio de sesión
settings_ext.set_password_subtitle,Add a password to enable email + password login,Passwort für E-Mail + Passwort-Login hinzufügen,Добавьте пароль для входа по email,დაამატეთ პაროლი Email + პაროლით შესვლისთვის,Ajouter un mot de passe pour email + mot de passe,Añade una contraseña para email + contraseña
settings_ext.clear_expenses,Clear all expenses,Alle Ausgaben löschen,Очистить все расходы,ყველა ხარჯის გასუფთავება,Effacer toutes les dépenses,Limpiar todos los gastos
settings_ext.clear_expenses_subtitle,Wipe all expenses & splits from device and cloud,Alle Ausgaben von Gerät und Cloud löschen,Удалить все расходы и разделения с устройства и облака,ყველა ხარჯის წაშლა მოწყობილობიდან და ღრუბლიდან,Supprimer toutes les dépenses de l'appareil et du cloud,Eliminar todos los gastos del dispositivo y la nube
settings_ext.reset_cache,Reset Local Cache,Lokalen Cache zurücksetzen,Сбросить кэш,ლოკალური ქეშის გადატვირთვა,Réinitialiser le cache local,Restablecer caché local
settings_ext.reset_cache_subtitle,Wipes local DB and re-syncs from cloud. Fixes ghost data.,Lokale DB löschen und aus Cloud synchronisieren. Behebt Fehler.,Очищает локальную БД и синхронизирует из облака. Исправляет ошибки.,ლოკალური DB-ის გასუფთავება და ღრუბლიდან სინქრონიზაცია.,Efface la BD locale et synchronise depuis le cloud. Corrige les erreurs.,Limpia la BD local y sincroniza desde la nube. Corrige errores.
settings_ext.delete_account,Delete Account,Konto löschen,Удалить аккаунт,ანგარიშის წაშლა,Supprimer le compte,Eliminar cuenta
settings_ext.delete_account_subtitle,30-day cooling-off period. Log back in within 30 days to restore.,30 Tage Bedenkzeit. Innerhalb von 30 Tagen anmelden.,30-дневный период. Войдите в течение 30 дней для восстановления.,30-დღიანი პერიოდი. 30 დღეში შედით პროფილში პუნქტის სხვ.,Période de 30 jours. Reconnectez-vous dans 30 jours pour restaurer.,Período de 30 días. Inicia sesión en 30 días para restaurar.
settings_ext.version_prefix,Version,Version,Версия,ვერსია,Version,Versión
settings_ext.check_updates,Check for Updates,Nach Updates suchen,Проверить обновления,განახლებების შემოწმება,Vérifier les mises à jour,Buscar actualizaciones
settings_ext.update_available,Update Available,Update verfügbar,Доступно обновление,განახლება ხელმისაწვდომია,Mise à jour disponible,Actualización disponible
settings_ext.update_now,Update Now,Jetzt aktualisieren,Обновить,განახლება ახლა,Mettre à jour maintenant,Actualizar ahora
settings_ext.base_currency_subtitle,All dashboard totals are displayed in this currency.,Alle Dashboard-Summen werden in dieser Währung angezeigt.,Все итоги на дашборде отображаются в этой валюте.,ყველა სქემის ჯამი ამ ვალუტაში ნაჩვენებია.,Tous les totaux du tableau de bord sont affichés dans cette devise.,Todos los totales del panel se muestran en esta moneda.
settings_ext.name_empty,Name cannot be empty,Name darf nicht leer sein,Имя не может быть пустым,სახელი ვერ იქნება ცარიელი,Le nom ne peut pas être vide,El nombre no puede estar vacío
settings_ext.upload_photo_error,Could not upload photo,Foto konnte nicht hochgeladen werden,Не удалось загрузить фото,ფოტოს ატვირთვა ვერ მოხდა,Impossible de télécharger la photo,No se pudo subir la foto
settings_ext.could_not_load_profile,Could not load profile,Profil konnte nicht geladen werden,Не удалось загрузить профиль,პროფილის ჩატვირთვა ვერ მოხდა,Impossible de charger le profil,No se pudo cargar el perfil
settings_ext.dialog_change_email_title,Change Email,E-Mail ändern,Изменить Email,Email-ის შეცვლა,Changer l'Email,Cambiar Email
settings_ext.dialog_new_email_hint,New email address,Neue E-Mail-Adresse,Новый адрес email,ახალი Email მისამართი,Nouvelle adresse email,Nueva dirección de email
settings_ext.dialog_send_confirm,Send confirmation,Bestätigung senden,Отправить подтверждение,დადასტურების გაგზავნა,Envoyer la confirmation,Enviar confirmación
settings_ext.dialog_set_password_title,Set Password,Passwort setzen,Установить пароль,პაროლის დაყენება,Définir le mot de passe,Establecer contraseña
settings_ext.dialog_change_password_title,Change Password,Passwort ändern,Сменить пароль,პაროლის შეცვლა,Changer le mot de passe,Cambiar contraseña
settings_ext.dialog_add_password_body,Add a password so you can also sign in with email + password.,Passwort hinzufügen für E-Mail + Passwort-Login.,Добавьте пароль для входа по email + пароль.,დაამატეთ პაროლი Email + პაროლით შესვლისთვის.,Ajoutez un mot de passe pour vous connecter avec email + mot de passe.,Añade una contraseña para iniciar sesión con email + contraseña.
settings_ext.dialog_new_password_label,New password (min 8 characters),Neues Passwort (min. 8 Zeichen),Новый пароль (мин. 8 символов),ახალი პაროლი (მინ. 8 სიმბოლო),Nouveau mot de passe (min. 8 caractères),Nueva contraseña (mín. 8 caracteres)
settings_ext.dialog_confirm_password_label,Confirm password,Passwort bestätigen,Подтвердить пароль,გაიმეორეთ პაროლი,Confirmer le mot de passe,Confirmar contraseña
settings_ext.dialog_delete_account_title,Delete Account?,Konto löschen?,Удалить аккаунт?,ანგარიშის წაშლა?,Supprimer le compte ?,¿Eliminar cuenta?
settings_ext.dialog_cooling_period,30-day cooling-off period,30 Tage Bedenkzeit,30-дневный период охлаждения,30-დღიანი გაგრილების პერიოდი,Période de réflexion de 30 jours,Período de 30 días
settings_ext.dialog_delete_account_body,"Your account will be marked for deletion but all data is retained for 30 days.

Log back in within 30 days to restore everything.

After 30 days your account and all data are permanently deleted.","Ihr Konto wird zur Löschung markiert, alle Daten werden 30 Tage lang aufbewahrt.

Melden Sie sich innerhalb von 30 Tagen an.

Nach 30 Tagen werden Konto und alle Daten dauerhaft gelöscht.","Ваш аккаунт будет помечен для удаления, но все данные хранятся 30 дней.

Войдите в течение 30 дней для восстановления.

После 30 дней аккаунт и все данные удаляются безвозвратно.","თქვენი ანგარიში წასაშლელად მოინიშნება, მაგრამ ყველა მონაცემი 30 დღის განმავლობაში ინახება.

შედით 30 დღეში ყველაფრის აღსადგენად.

30 დღის შემდეგ ანგარიში და ყველა მონაცემი სამუდამოდ წაიშლება.","Votre compte sera marqué pour suppression mais toutes les données sont conservées 30 jours.

Reconnectez-vous dans 30 jours pour tout restaurer.

Après 30 jours, votre compte et toutes les données sont définitivement supprimés.","Tu cuenta será marcada para eliminación, pero todos los datos se conservan 30 días.

Inicia sesión en 30 días para restaurar todo.

Después de 30 días, tu cuenta y todos los datos se eliminan permanentemente."
settings_ext.dialog_delete_my_account,Delete My Account,Mein Konto löschen,Удалить мой аккаунт,ჩემი ანგარიშის წაშლა,Supprimer mon compte,Eliminar mi cuenta
settings_ext.dialog_clear_expenses_title,Clear all expenses?,Alle Ausgaben löschen?,Очистить все расходы?,ყველა ხარჯის გასუფთავება?,Effacer toutes les dépenses ?,¿Limpiar todos los gastos?
settings_ext.dialog_clear_expenses_body,This will permanently delete every expense and split from your account. Groups and members are kept. This cannot be undone.,Dadurch werden alle Ausgaben und Teilungen dauerhaft gelöscht. Gruppen und Mitglieder bleiben erhalten.,Это навсегда удалит все расходы и разделения. Группы и участники сохранятся. Отмена невозможна.,ეს სამუდამოდ წაშლის ყველა ხარჯს. ჯგუფები და წევრები შეინახება.,Cela supprimera définitivement toutes les dépenses et divisions. Les groupes et membres sont conservés.,Esto eliminará permanentemente todos los gastos y divisiones. Los grupos y miembros se conservan.
settings_ext.dialog_clear_expenses_confirm,Clear expenses,Ausgaben löschen,Очистить расходы,ხარჯების გასუფთავება,Effacer les dépenses,Limpiar gastos
settings_ext.dialog_reset_cache_title,Reset local cache?,Lokalen Cache zurücksetzen?,Сбросить кэш?,ლოკალური ქეშის გადატვირთვა?,Réinitialiser le cache local ?,¿Restablecer caché local?
settings_ext.dialog_reset_cache_body,All local data will be wiped and re-downloaded from the cloud. Use this to fix ghost groups or missing expenses.,Alle lokalen Daten werden gelöscht und erneut aus der Cloud heruntergeladen.,Все локальные данные будут удалены и загружены заново из облака.,ყველა ლოკალური მონაცემი წაიშლება და ახლიდან ჩამოტვირთავს ღრუბლიდან.,Toutes les données locales seront effacées et retéléchargées depuis le cloud.,Todos los datos locales se eliminarán y se volverán a descargar desde la nube.
settings_ext.dialog_reset_sync,Reset & Sync,Zurücksetzen & Synchronisieren,Сбросить и синхронизировать,გადატვირთვა და სინქრონიზაცია,Réinitialiser et synchroniser,Restablecer y sincronizar
settings_ext.cache_reset_success,Cache reset and synced from cloud,Cache zurückgesetzt und aus Cloud synchronisiert,Кэш сброшен и синхронизирован из облака,ქეში გადატვირთულია და სინქრონიზებულია ღრუბლიდან,Cache réinitialisé et synchronisé depuis le cloud,Caché restablecido y sincronizado desde la nube
settings_ext.expenses_cleared,All expenses cleared,Alle Ausgaben gelöscht,Все расходы очищены,ყველა ხარჯი გასუფთავდა,Toutes les dépenses effacées,Todos los gastos borrados
settings_ext.enter_valid_email,Enter a valid email address.,Bitte geben Sie eine gültige E-Mail-Adresse ein.,Введите действительный адрес электронной почты.,შეიყვანეთ სწორი ელ-ფოსტის მისამართი.,Entrez une adresse e-mail valide.,Ingrese una dirección de correo electrónico válida.
settings_ext.confirmation_sent,Confirmation sent to {email}. Check your inbox.,Bestätigung gesendet an {email}. Bitte überprüfen Sie Ihren Posteingang.,Подтверждение отправлено на {email}. Проверьте вашу почту.,დადასტურება გაგზავნილია {email}-ზე. შეამოწმეთ შემოსული.,Confirmation envoyée à {email}. Vérifiez votre boîte de réception.,Confirmación enviada a {email}. Revise su bandeja de entrada.
settings_ext.could_not_save_currency,Could not save currency: {error},Währung konnte nicht gespeichert werden: {error},Не удалось сохранить валюту: {error},ვალუტის შენახვა ვერ მოხერხდა: {error},Impossible de sauvegarder la devise : {error},No se pudo guardar la moneda: {error}
settings_ext.error_generic,Error: {error},Fehler: {error},Ошибка: {error},შეცდომა: {error},Erreur : {error},Error: {error}
settings_ext.saved,Saved,Gespeichert,Сохранено,შენახულია,Sauvegardé,Guardado
settings_ext.display_name,Display Name,Anzeigename,Отображаемое имя,საჩვენებელი სახელი,Nom d'affichage,Nombre de pantalla
settings_ext.name_hint,Your name,Ihr Name,Ваше имя,თქვენი სახელი,Votre nom,Tu nombre
settings_ext.nickname_optional,Nickname (optional),Spitzname (optional),Никнейм (необязательно),მეტსახელი (სურვილისამებრ),Surnom (facultatif),Apodo (opcional)
settings_ext.nickname_hint,yourhandle (no @),ihrname (kein @),вашник (без @),თქვენისახელი (@ გარეშე),votrenom (sans @),tunombre (sin @)
settings_ext.change_photo,Change photo,Foto ändern,Изменить фото,ფოტოს შეცვლა,Changer la photo,Cambiar foto
settings_ext.uploading_photo,Uploading…,Wird hochgeladen…,Загрузка…,იტვირთება…,Envoi en cours…,Subiendo…
settings_ext.theme_dark,Dark,Dunkel,Тёмная,მუქი,Sombre,Oscuro
settings_ext.theme_light,Light,Hell,Светлая,ღია,Clair,Claro
settings_ext.theme_system,System default,Systemstandard,По умолчанию,სისტემის ნაგულისხმევი,Défaut du système,Predeterminado del sistema
settings_ext.password_updated,Password updated successfully.,Passwort erfolgreich aktualisiert.,Пароль успешно обновлён.,პაროლი წარმატებით განახლდა.,Mot de passe mis à jour avec succès.,Contraseña actualizada correctamente.
settings_ext.password_set,Password set! You can now sign in with email + password.,Passwort gesetzt! Sie können sich jetzt mit E-Mail + Passwort anmelden.,Пароль установлен! Теперь вы можете войти с помощью email + пароль.,პაროლი დაყენებულია! ახლა შეგიძლიათ შეხვიდეთ ელ-ფოსტით + პაროლით.,Mot de passe défini ! Vous pouvez maintenant vous connecter avec email + mot de passe.,¡Contraseña establecida! Ahora puedes iniciar sesión con email + contraseña.
settings_ext.could_not_update_email,Could not update email.,E-Mail konnte nicht aktualisiert werden.,Не удалось обновить email.,ელ-ფოსტის განახლება ვერ მოხერხდა.,Impossible de mettre à jour l'email.,No se pudo actualizar el email.
settings_ext.could_not_update_password,Could not update password.,Passwort konnte nicht aktualisiert werden.,Не удалось обновить пароль.,პაროლის განახლება ვერ მოხერხდა.,Impossible de mettre à jour le mot de passe.,No se pudo actualizar la contraseña.
settings_ext.save_profile,Save Profile,Profil speichern,Сохранить профиль,პროფილის შენახვა,Enregistrer le profil,Guardar perfil
wallet_entry.title,Add Wallet Entry,Wallet-Eintrag hinzufügen,Добавить запись в кошелёк,საფულის ჩანაწერის დამატება,Ajouter une entrée de portefeuille,Agregar entrada de cartera
wallet_entry.what_type,What type of entry?,Welche Art von Eintrag?,Какой тип записи?,ჩანაწერის სახეობა?,Quel type d'entrée ?,¿Qué tipo de entrada?
wallet_entry.choose_direction,Choose the direction of this wallet entry.,Wählen Sie die Richtung dieses Wallet-Eintrags.,Выберите направление этой записи кошелька.,აირჩიეთ ამ საფულის ჩანაწერის მიმართულება.,Choisissez la direction de cette entrée de portefeuille.,Elija la dirección de esta entrada de cartera.
wallet_entry.add_income,ADD AN INCOME,EINNAHME HINZUFÜGEN,ДОБАВИТЬ ДОХОД,შემოსავლის დამატება,AJOUTER UN REVENU,AGREGAR UN INGRESO
wallet_entry.income_subtitle,"Salary, freelance, gift, investment return…","Gehalt, Freiberuf, Geschenk, Investitionsrendite…","Зарплата, фриланс, подарок, доход от инвестиций…","ხელფასი, ფრილანსი, საჩუქარი, საინვესტიციო შემოსავალი…","Salaire, freelance, cadeau, rendement d'investissement…","Salario, autónomo, regalo, rendimiento de inversión…"
wallet_entry.add_expense,ADD AN EXPENSE,AUSGABE HINZUFÜGEN,ДОБАВИТЬ РАСХОД,ხარჯის დამატება,AJOUTER UNE DÉPENSE,AGREGAR UN GASTO
wallet_entry.expense_subtitle,"Food, transport, bills, shopping, travel…","Essen, Transport, Rechnungen, Einkaufen, Reisen…","Еда, транспорт, счета, покупки, путешествия…","საკვები, ტრანსპორტი, გადასახადები, საყიდლები, მოგზაურობა…","Nourriture, transport, factures, shopping, voyages…","Comida, transporte, facturas, compras, viajes…"
wallet_entry.group_hint,You can also add group expenses from the Groups tab.,Sie können auch Gruppenausgaben aus dem Gruppen-Tab hinzufügen.,Вы также можете добавить групповые расходы на вкладке «Группы».,ასევე შეგიძლიათ დაამატოთ ჯგუფური ხარჯები ჯგუფების ჩანართიდან.,Vous pouvez également ajouter des dépenses de groupe depuis l'onglet Groupes.,También puede agregar gastos de grupo desde la pestaña Grupos.
invite_friend.title,Invite a Friend,Freund einladen,Пригласить друга,მეგობრის მოწვევა,Inviter un ami,Invitar a un amigo
invite_friend.headline,Share your personal link,Deinen persönlichen Link teilen,Поделитесь своей личной ссылкой,გაუზიარეთ თქვენი პერსონალური ბმული,Partagez votre lien personnel,Comparte tu enlace personal
invite_friend.subtitle,Anyone who joins via your link will be automatically connected to you on SetAll.,"Jeder, der über deinen Link beitritt, wird automatisch mit dir auf SetAll verbunden.","Все, кто присоединяется по вашей ссылке, будут автоматически связаны с вами в SetAll.","ყველა, ვინც თქვენი ბმულით შემოვა, ავტომატურად დაუკავშირდება თქვენ SetAll-ზე.",Toute personne qui rejoint via votre lien sera automatiquement connectée à vous sur SetAll.,Cualquiera que se una a través de tu enlace se conectará automáticamente contigo en SetAll.
invite_friend.share_text,Join me on SetAll to track our shared expenses: {link},Begleite mich auf SetAll zur Verfolgung unserer gemeinsamen Ausgaben: {link},Присоединяйтесь ко мне в SetAll для отслеживания общих расходов: {link},შემომიერთდი SetAll-ში ჩვენი საერთო ხარჯების თვალსაყოლებლად: {link},Rejoignez-moi sur SetAll pour suivre nos dépenses partagées : {link},Únete a mí en SetAll para rastrear nuestros gastos compartidos: {link}
invite_friend.link_copied,Link copied!,Link kopiert!,Ссылка скопирована!,ბმული დაკოპირდა!,Lien copié !,¡Enlace copiado!
invite_friend.copy_link,Copy link,Link kopieren,Скопировать ссылку,ბმულის კოპირება,Copier le lien,Copiar enlace
invite_friend.share_via,Share via…,Teilen über…,Поделиться через…,გაზიარება…,Partager via…,Compartir por…
invite_friend.share_subject,Join me on SetAll,Begleite mich auf SetAll,Присоединяйтесь ко мне в SetAll,შემომიერთდი SetAll-ში,Rejoignez-moi sur SetAll,Únete a mí en SetAll
invite_friend.footer,Your link is unique to your account and never expires.,Dein Link ist einzigartig für dein Konto und läuft nie ab.,Ваша ссылка уникальна для вашего аккаунта и никогда не истекает.,თქვენი ბმული უნიკალურია თქვენი ანგარიშისთვის და არასოდეს ვადა ეწურება.,Votre lien est unique à votre compte et n'expire jamais.,Tu enlace es único para tu cuenta y nunca expira.
group_picker.title,Add expense,Ausgabe hinzufügen,Добавить расход,ხარჯის დამატება,Ajouter une dépense,Añadir gasto
group_picker.choose_group,Choose a group,Gruppe auswählen,Выберите группу,აირჩიეთ ჯგუფი,Choisir un groupe,Elige un grupo
group_picker.new_group,New group,Neue Gruppe,Новая группа,ახალი ჯგუფი,Nouveau groupe,Nuevo grupo
group_picker.no_groups,"No groups yet. Tap ""New group"" to create one.","Noch keine Gruppen. Tippe auf ""Neue Gruppe"".",Групп пока нет. Нажмите «Новая группа».,ჯგუფები ჯერ არ არის. დააჭირეთ «ახალი ჯგუფი».,"Pas encore de groupes. Appuyez sur ""Nouveau groupe"".","Sin grupos añadidos. Pulsa ""Nuevo grupo""."
group_picker.could_not_load,Could not load groups,Gruppen konnten nicht geladen werden,Не удалось загрузить группы,ჯგუფების ჩატვირთვა ვერ მოხდა,Impossible de charger les groupes,No se pudieron cargar los grupos
lang_prompt.title,Language detected,Sprache erkannt,Язык обнаружен,ენა გამოვლინდა,Langue détectée,Idioma detectado
lang_prompt.body,Your device language is {language}. Continue or choose another?,Erkannte Sprache: {language}. Weiter oder andere wählen?,Обнаружен язык: {language}. Продолжить или выбрать другой?,გამოვლინდა ენა: {language}. გაგრძელება თუ სხვის არჩევა?,Langue {language} détectée. Continuer ou en choisir une autre ?,Idioma {language} detectado. ¿Continuar o elegir otro?
lang_prompt.keep,Continue in {language},Weiter auf {language},Продолжить на {language},გაგრძელება {language}-ზე,Continuer en {language},Continuar en {language}
lang_prompt.change,Choose language,Sprache wählen,Выбрать язык,ენის არჩევა,Choisir la langue,Elegir idioma
